Parameter,Value
start_x,0.21333914933548923
start_y,0.5761202415074236
depth,1
branch_length,0.09801294294088435
angle,2.680725763333912
thickness,0.0064712910121887835
stiffness,546.0271293827459
damping,0.06746754210457465
num_sub_branches,3
sub_branch_angle,1.3939638499595548
sub_branch_length_ratio,0.6929518650149114
actuation_start,0
ptype,1
