Parameter,Value
start_x,0.17422745582741103
start_y,0.5403725564307725
depth,1
branch_length,0.08522517519101808
angle,1.8403418895849428
thickness,0.00821356328332833
stiffness,548.0706220496979
damping,0.050150073024099975
num_sub_branches,2
sub_branch_angle,1.1941570388616631
sub_branch_length_ratio,0.5307349375732259
actuation_start,0
ptype,1
