Parameter,Value
start_x,0.13858912154124986
start_y,0.5424030910789637
depth,2
branch_length,0.11686731696607051
angle,4.9071145795515365
thickness,0.00857072411249335
stiffness,440.45321969124086
damping,0.0346977494361112
num_sub_branches,5
sub_branch_angle,1.4398482928000318
sub_branch_length_ratio,0.5596884148733736
actuation_start,0
ptype,1
