Parameter,Value
start_x,0.21883886291692028
start_y,0.5439355092937519
depth,2
branch_length,0.08001624443592438
angle,0.9302902549327599
thickness,0.005775513831781423
stiffness,510.3589644769929
damping,0.05926153923398452
num_sub_branches,3
sub_branch_angle,1.169717914127633
sub_branch_length_ratio,0.6617000303975927
actuation_start,0
ptype,1
