Parameter,Value
start_x,0.2734805869021172
start_y,0.4887823882746908
depth,2
branch_length,0.09954609272098836
angle,0.41545829016523816
thickness,0.005118486467002545
stiffness,459.63497614515524
damping,0.0567865636444793
num_sub_branches,2
sub_branch_angle,0.9578330980667868
sub_branch_length_ratio,0.585250162771985
actuation_start,0
ptype,1
