Parameter,Value
start_x,0.16380188213127483
start_y,0.5538581585421783
depth,1
branch_length,0.05090792063383646
angle,4.209924800258744
thickness,0.006723564624061578
stiffness,429.5267731644699
damping,0.055222536838282654
num_sub_branches,2
sub_branch_angle,1.4920489544384294
sub_branch_length_ratio,0.5150740171060093
actuation_start,0
ptype,1
