Parameter,Value
start_x,0.26616462636096716
start_y,0.41456624402239023
depth,3
branch_length,0.10427839260181564
angle,4.965157450902708
thickness,0.00654924778417683
stiffness,567.2668145317077
damping,0.03653555512945872
num_sub_branches,2
sub_branch_angle,0.9624679076548108
sub_branch_length_ratio,0.5896736372090957
actuation_start,0
ptype,1
