Parameter,Value
start_x,0.26616462636096716
start_y,0.5392731181312785
depth,3
branch_length,0.10427839260181564
angle,4.965157450902708
thickness,0.00654924778417683
stiffness,429.863734633287
damping,0.05079123557809894
num_sub_branches,4
sub_branch_angle,1.52448294012459
sub_branch_length_ratio,0.6071281365019557
actuation_start,0
ptype,1
