Parameter,Value
start_x,0.14499991119907352
start_y,0.0544531439950349
depth,2
branch_length,0.08142319915864735
angle,-0.2983696426242069
thickness,0.0051544610597063206
stiffness,514.4893582129405
damping,0.05044663183876018
num_sub_branches,5
sub_branch_angle,0.5330445639078827
sub_branch_length_ratio,0.5437511199826651
actuation_start,0
ptype,1
right_bias,1.2423554392262983
