Parameter,Value
start_x,0.14016698185091908
start_y,0.06048558162028758
depth,3
branch_length,0.06916672961802363
angle,0.5174755329234745
thickness,0.006879951502086161
stiffness,529.3507141515006
damping,0.04196256333815267
num_sub_branches,3
sub_branch_angle,0.8221359034941986
sub_branch_length_ratio,0.5885624400119435
actuation_start,0
ptype,1
right_bias,1.2325896691768028
