Parameter,Value
start_x,0.19875647154700365
start_y,0.4111765879402143
depth,2
branch_length,0.09084154120593409
angle,3.757014894029622
thickness,0.006420887883839653
stiffness,508.0070883060407
damping,0.05472648953730689
num_sub_branches,3
sub_branch_angle,0.9049473335268671
sub_branch_length_ratio,0.5883506738037214
actuation_start,0
ptype,1
