Parameter,Value
start_x,0.17582583698792437
start_y,0.5186793423145376
depth,1
branch_length,0.05156455726055398
angle,1.0393364759339196
thickness,0.006384600826452595
stiffness,429.5530356319151
damping,0.03336691748516118
num_sub_branches,3
sub_branch_angle,1.3599529011347844
sub_branch_length_ratio,0.5971732673237619
actuation_start,0
ptype,1
