Parameter,Value
start_x,0.10135250930637663
start_y,0.5399223544023363
depth,2
branch_length,0.08619885947961392
angle,1.6365459059452359
thickness,0.006430195947628396
stiffness,475.6595460068257
damping,0.03096154905612162
num_sub_branches,2
sub_branch_angle,1.3658050136247777
sub_branch_length_ratio,0.5843927365954442
actuation_start,0
ptype,1
