Parameter,Value
start_x,0.17836290594875298
start_y,0.5436655146872245
depth,2
branch_length,0.08001624443592438
angle,0.9302902549327599
thickness,0.006847198066735503
stiffness,507.79141934589234
damping,0.0036009395828004234
num_sub_branches,3
sub_branch_angle,1.169717914127633
sub_branch_length_ratio,0.6617000303975927
actuation_start,0
ptype,2
