Parameter,Value
start_x,0.12216469453324874
start_y,0.5364285604269858
depth,2
branch_length,0.06334495423578301
angle,2.565194704340259
thickness,0.006159921336030275
stiffness,437.9052110993536
damping,0.042429909886049916
num_sub_branches,3
sub_branch_angle,1.2818599879174022
sub_branch_length_ratio,0.5243971253792614
actuation_start,0
ptype,1
