Parameter,Value
start_x,0.16330995961857725
start_y,0.09127644014660646
depth,2
branch_length,0.06740630244096424
angle,-0.5103185910646942
thickness,0.005430811750309079
stiffness,473.3718621209957
damping,0.030263101016899042
num_sub_branches,3
sub_branch_angle,0.9241982401084865
sub_branch_length_ratio,0.5065758470754917
actuation_start,0
ptype,1
right_bias,1.2294142081587625
