Parameter,Value
start_x,0.10916075988123537
start_y,0.4469746462135766
depth,2
branch_length,0.2896730178960331
angle,0.2278515664801339
thickness,0.008827577819733604
stiffness,519.1554903576468
damping,0.05272138724030437
num_sub_branches,3
sub_branch_angle,1.4628597540453703
sub_branch_length_ratio,0.5413242466650752
actuation_start,0
ptype,1
