Parameter,Value
start_x,0.1675138327749912
start_y,0.04531387154665207
depth,1
branch_length,0.09438694252611687
angle,1.339995207444555
thickness,0.006750862182018572
stiffness,504.7712600378208
damping,0.06939613120294824
num_sub_branches,3
sub_branch_angle,0.9660705979047759
sub_branch_length_ratio,0.5764359262272039
actuation_start,0
ptype,1
