Parameter,Value
start_x,0.22013194743664438
start_y,0.5761202415074236
depth,2
branch_length,0.09801294294088435
angle,2.0569755880520377
thickness,0.006595613787977835
stiffness,435.09915017327324
damping,0.06746754210457465
num_sub_branches,3
sub_branch_angle,1.0205370884013618
sub_branch_length_ratio,0.5059582591895846
actuation_start,0
ptype,1
