Parameter,Value
start_x,0.2774048129800124
start_y,0.5867479205605448
depth,2
branch_length,0.11753995908312743
angle,2.976979303647314
thickness,0.0075251496807963465
stiffness,510.9700609323519
damping,0.056168695957192684
num_sub_branches,5
sub_branch_angle,1.527467739287955
sub_branch_length_ratio,0.5188868556916337
actuation_start,0
ptype,1
