Parameter,Value
start_x,0.15168830588671942
start_y,0.061488312039595844
depth,3
branch_length,0.05578657649446866
angle,-0.17369085181995897
thickness,0.005924888703469296
stiffness,537.2057708363901
damping,0.0513617815392141
num_sub_branches,4
sub_branch_angle,0.646924827510601
sub_branch_length_ratio,0.5562160505193143
actuation_start,0
ptype,1
right_bias,1.0
