Parameter,Value
start_x,0.1011800076041951
start_y,0.06492613613724937
depth,2
branch_length,0.048744025068856264
angle,0.1004807334568919
thickness,0.005048691564995026
stiffness,531.2575326323449
damping,0.03619859144529773
num_sub_branches,5
sub_branch_angle,0.7592974859182824
sub_branch_length_ratio,0.6827095913313221
actuation_start,0
ptype,1
right_bias,1.1101340056097784
