Parameter,Value
start_x,0.18946265774137416
start_y,0.449415494856943
depth,1
branch_length,0.08753201330892921
angle,2.0201268544460005
thickness,0.0054110499010108625
stiffness,465.1843331413967
damping,0.05018902509713008
num_sub_branches,2
sub_branch_angle,0.885472356729685
sub_branch_length_ratio,0.5697973031719291
actuation_start,0
ptype,1
