Parameter,Value
start_x,0.016632761211224433
start_y,0.5834637880606532
depth,2
branch_length,0.18164603054187184
angle,0.9840074468429831
thickness,0.00567400555528129
stiffness,528.6989884252808
damping,0.04513755546561697
num_sub_branches,8
sub_branch_angle,1.1267993676142647
sub_branch_length_ratio,0.6475742774617204
actuation_start,0
ptype,1
