Parameter,Value
start_x,0.14244506083703173
start_y,0.0720132337299653
depth,2
branch_length,0.07858983769897228
angle,-0.1805676850087619
thickness,0.004873110992421591
stiffness,532.0556547732488
damping,0.0379029223998549
num_sub_branches,3
sub_branch_angle,0.6994121441814362
sub_branch_length_ratio,0.5695951212178163
actuation_start,0
ptype,1
right_bias,1.0
