Parameter,Value
start_x,0.25127570577114855
start_y,0.6342315859559469
depth,3
branch_length,0.06093947144049075
angle,1.875954831204197
thickness,0.0054795000670619055
stiffness,478.67407373947105
damping,0.05691436466224865
num_sub_branches,3
sub_branch_angle,0.8913756676998904
sub_branch_length_ratio,0.5443055220156103
actuation_start,-1
ptype,1
