Parameter,Value
start_x,0.18946265774137416
start_y,0.449415494856943
depth,1
branch_length,0.05910646114998214
angle,4.103432572378927
thickness,0.006429396194720464
stiffness,522.1539038558636
damping,0.05018902509713008
num_sub_branches,3
sub_branch_angle,0.885472356729685
sub_branch_length_ratio,0.5045270376129695
actuation_start,0
ptype,1
