Parameter,Value
start_x,0.17836290594875298
start_y,0.5228547567287124
depth,2
branch_length,0.09625019124533923
angle,0.9302902549327599
thickness,0.006847198066735503
stiffness,510.3589644769929
damping,0.05926153923398452
num_sub_branches,3
sub_branch_angle,1.5698710111926595
sub_branch_length_ratio,0.5625463803724847
actuation_start,0
ptype,1
