Parameter,Value
start_x,0.22013194743664438
start_y,0.45561827570409086
depth,2
branch_length,0.09565437330407074
angle,2.0569755880520377
thickness,0.006595613787977835
stiffness,405.28135805629216
damping,0.06746754210457465
num_sub_branches,3
sub_branch_angle,0.9430889861040614
sub_branch_length_ratio,0.6271483964224954
actuation_start,0
ptype,1
