Parameter,Value
start_x,0.1091132482971593
start_y,0.45561827570409086
depth,1
branch_length,0.08961158763585067
angle,2.0984465939021972
thickness,0.006292373999715481
stiffness,435.0173731594857
damping,0.06861362840990151
num_sub_branches,3
sub_branch_angle,1.3911093386667903
sub_branch_length_ratio,0.5059582591895846
actuation_start,0
ptype,1
