Parameter,Value
start_x,0.25281517071334125
start_y,0.4265423100913632
depth,2
branch_length,0.12174090146556547
angle,5.381298837583655
thickness,0.009740719736714816
stiffness,510.9700609323519
damping,0.04542671625618126
num_sub_branches,5
sub_branch_angle,0.8119775170218246
sub_branch_length_ratio,0.5690300843528999
actuation_start,0
ptype,1
