Parameter,Value
start_x,0.043079974664302426
start_y,0.4147548052462226
depth,3
branch_length,0.10176987055859242
angle,5.383711434915382
thickness,0.00890804630962809
stiffness,502.35390916448875
damping,0.03995955503530052
num_sub_branches,8
sub_branch_angle,1.3547701824699718
sub_branch_length_ratio,0.6380067185051278
actuation_start,0
ptype,1
