Parameter,Value
start_x,0.22013194743664438
start_y,0.43434686743948164
depth,2
branch_length,0.07592510135476854
angle,2.0569755880520377
thickness,0.007405220914114734
stiffness,424.3143239575786
damping,0.06746754210457465
num_sub_branches,3
sub_branch_angle,0.9857220496005009
sub_branch_length_ratio,0.6795332071381537
actuation_start,0
ptype,1
