Parameter,Value
start_x,0.11444343675098839
start_y,0.03183592009470585
depth,1
branch_length,0.08196032231687131
angle,1.1957221579424453
thickness,0.006256897459353722
stiffness,490.6703464506139
damping,0.047651595902497124
num_sub_branches,2
sub_branch_angle,1.3513122798000874
sub_branch_length_ratio,0.6595032359250487
actuation_start,0
ptype,1
