Parameter,Value
start_x,0.1774918897466156
start_y,0.06348194309110711
depth,2
branch_length,0.07776690382654008
angle,-0.193892647444727
thickness,0.00651287757938771
stiffness,528.0013119317516
damping,0.0469160115238296
num_sub_branches,5
sub_branch_angle,0.7360039691154145
sub_branch_length_ratio,0.692032676805834
actuation_start,0
ptype,1
right_bias,1.2954809556012767
