Parameter,Value
start_x,0.25127570577114855
start_y,0.5610087290521617
depth,1
branch_length,0.06093947144049075
angle,5.396645050351913
thickness,0.0054795000670619055
stiffness,573.0165588824491
damping,0.05691436466224865
num_sub_branches,3
sub_branch_angle,0.8913756676998904
sub_branch_length_ratio,0.5252181524523977
actuation_start,0
ptype,1
