Parameter,Value
start_x,0.1644774187929641
start_y,0.5364285604269858
depth,2
branch_length,0.08974363163262045
angle,2.565194704340259
thickness,0.006159921336030275
stiffness,593.5641913685051
damping,0.12859013153556498
num_sub_branches,3
sub_branch_angle,1.001714021077095
sub_branch_length_ratio,0.5632803741066186
actuation_start,0
ptype,0
