Parameter,Value
start_x,0.20638425523995593
start_y,0.4765441957572387
depth,1
branch_length,0.09981694597917562
angle,6.275100972160874
thickness,0.00688888372492349
stiffness,577.041913592434
damping,0.06156108168196561
num_sub_branches,2
sub_branch_angle,1.2755671085340496
sub_branch_length_ratio,0.5760929698250253
actuation_start,0
ptype,1
