Parameter,Value
start_x,0.19894408392178026
start_y,0.037472905278829856
depth,2
branch_length,0.07117369234661687
angle,3.838370029413019
thickness,0.007846744710180511
stiffness,555.1903801146711
damping,0.06967055596582823
num_sub_branches,3
sub_branch_angle,1.5307580167703847
sub_branch_length_ratio,0.6348412066228654
actuation_start,0
ptype,1
