Parameter,Value
start_x,0.24947929372380243
start_y,0.46635489997437346
depth,2
branch_length,0.11211294240045926
angle,4.755731900672729
thickness,0.005313650206744504
stiffness,425.32277425018776
damping,0.044042896948129504
num_sub_branches,2
sub_branch_angle,1.1652874541698341
sub_branch_length_ratio,0.5999782757989094
actuation_start,0
ptype,1
