Parameter,Value
start_x,0.13858912154124986
start_y,0.5867479205605448
depth,2
branch_length,0.07516125758828325
angle,2.921066368391826
thickness,0.0075251496807963465
stiffness,510.9700609323519
damping,0.05894260727002586
num_sub_branches,5
sub_branch_angle,1.047174690950596
sub_branch_length_ratio,0.5596884148733736
actuation_start,0
ptype,1
