Parameter,Value
start_x,0.22013194743664438
start_y,0.40895365122408706
depth,2
branch_length,0.09801294294088435
angle,6.001304473056067
thickness,0.007536110162415197
stiffness,405.2386887805858
damping,0.06746754210457465
num_sub_branches,3
sub_branch_angle,1.1099774682170542
sub_branch_length_ratio,0.6468262765358233
actuation_start,0
ptype,1
