Parameter,Value
start_x,0.19241728353700538
start_y,0.5461879111655612
depth,2
branch_length,0.08974363163262045
angle,4.256476610095655
thickness,0.006159921336030275
stiffness,434.89188924826453
damping,0.030206951651005672
num_sub_branches,2
sub_branch_angle,1.3696818038036827
sub_branch_length_ratio,0.5433793528989387
actuation_start,0
ptype,1
