Parameter,Value
start_x,0.15429282232556524
start_y,0.43982642262971683
depth,2
branch_length,0.0680200405672429
angle,3.0664894314808784
thickness,0.009647548809320897
stiffness,574.4315453268558
damping,0.060053831782635084
num_sub_branches,3
sub_branch_angle,1.1426266790094208
sub_branch_length_ratio,0.5433583865955851
actuation_start,0
ptype,1
