Parameter,Value
start_x,0.12216469453324874
start_y,0.44466770583850157
depth,2
branch_length,0.08974363163262045
angle,0.774134865325709
thickness,0.006159921336030275
stiffness,459.647005122043
damping,0.06503956109104636
num_sub_branches,2
sub_branch_angle,1.0251692407329513
sub_branch_length_ratio,0.5632803741066186
actuation_start,0
ptype,1
