Parameter,Value
start_x,0.14236819192965672
start_y,0.09352608490195272
depth,2
branch_length,0.05103705550865048
angle,0.12127147094797708
thickness,0.004326503532966278
stiffness,519.8470393972807
damping,0.0396326788541338
num_sub_branches,4
sub_branch_angle,1.0241649230289336
sub_branch_length_ratio,0.6023924520513655
actuation_start,0
ptype,1
right_bias,1.1497237225501629
