Parameter,Value
start_x,0.1678985484769749
start_y,0.44466770583850157
depth,2
branch_length,0.07488230492069407
angle,0.7909866883271353
thickness,-0.019140319263250574
stiffness,593.5641913685051
damping,0.06503956109104636
num_sub_branches,2
sub_branch_angle,1.2818599879174022
sub_branch_length_ratio,0.5632803741066186
actuation_start,0
ptype,1
