Parameter,Value
start_x,0.29773058596842195
start_y,0.48481606142424416
depth,1
branch_length,0.07020789907763109
angle,5.642513948893395
thickness,0.00530205919035364
stiffness,437.99654570573
damping,0.04234339796039831
num_sub_branches,3
sub_branch_angle,1.4484993525170546
sub_branch_length_ratio,0.5396331103964597
actuation_start,0
ptype,1
