Parameter,Value
start_x,0.13587525728006364
start_y,0.4779658737802135
depth,1
branch_length,0.07130749031265435
angle,0.04193072413197556
thickness,0.009273705326965604
stiffness,539.3704237020368
damping,0.04754137402335702
num_sub_branches,2
sub_branch_angle,1.3031181120095878
sub_branch_length_ratio,0.6211472502511445
actuation_start,0
ptype,1
