Parameter,Value
start_x,0.13356747641181904
start_y,0.05846463221575589
depth,2
branch_length,0.0878462542157798
angle,0.35385887379272063
thickness,0.006880448082041876
stiffness,506.7315617013733
damping,0.05507566175377628
num_sub_branches,3
sub_branch_angle,1.0269861027618543
sub_branch_length_ratio,0.648291826790296
actuation_start,0
ptype,1
right_bias,1.0
