Parameter,Value
start_x,0.1612635175503014
start_y,0.4608560777775421
depth,4
branch_length,0.07216382469782909
angle,5.360341389756199
thickness,0.012736491115996073
stiffness,470.231288132474
damping,0.03351957759691442
num_sub_branches,6
sub_branch_angle,0.8392578804092924
sub_branch_length_ratio,0.5548208753163862
actuation_start,0
ptype,1
