Parameter,Value
start_x,0.17032977894311147
start_y,0.05298014809863191
depth,1
branch_length,0.09006804990774968
angle,3.9189679010287866
thickness,0.008846950629909991
stiffness,402.57792355227366
damping,0.06406852988926537
num_sub_branches,3
sub_branch_angle,1.1943271387598071
sub_branch_length_ratio,0.5165725764079242
actuation_start,0
ptype,1
