Parameter,Value
start_x,0.15228868488795605
start_y,0.5559257885835247
depth,1
branch_length,0.08078860437421533
angle,1.2190945515745888
thickness,0.00914533422630388
stiffness,594.2137012936134
damping,0.048045276266431
num_sub_branches,2
sub_branch_angle,1.07715358043554
sub_branch_length_ratio,0.6177324911523562
actuation_start,0
ptype,1
