Parameter,Value
start_x,0.2691705352427345
start_y,0.4887823882746908
depth,1
branch_length,0.09954609272098836
angle,0.8967924371020842
thickness,0.009595116921764853
stiffness,459.63497614515524
damping,0.0567865636444793
num_sub_branches,2
sub_branch_angle,1.0260431609181404
sub_branch_length_ratio,0.585250162771985
actuation_start,0
ptype,1
