Parameter,Value
origin_x,0.09990440149493683
origin_y,0.010352111986157023
y_offset,0.03
num_nodes,42
min_distance,0.02
max_distance,0.10073867935062143
stiffness,409.98970651722266
damping,0.0338810516703687
rightward_bias,0.6473342089460705
actuator_probability,0.6409292892905201
max_actuators,2
extra_connection_probability,0.32712530117982175
max_connection_distance,0.15475220209661358
num_extra_connections,16
particle_spacing,0.025885792976762613
