Parameter,Value
start_x,0.1011800076041951
start_y,0.061488312039595844
depth,3
branch_length,0.053878925988514056
angle,-0.03616856922570738
thickness,0.0068338275180878875
stiffness,531.2575326323449
damping,0.0394793165932376
num_sub_branches,5
sub_branch_angle,0.39269908169872414
sub_branch_length_ratio,0.5562160505193143
actuation_start,0
ptype,1
right_bias,1.0
