Parameter,Value
start_x,0.2774048129800124
start_y,0.5867479205605448
depth,4
branch_length,0.07571205401854918
angle,2.921066368391826
thickness,0.0075251496807963465
stiffness,510.9700609323519
damping,0.056168695957192684
num_sub_branches,4
sub_branch_angle,1.047174690950596
sub_branch_length_ratio,0.6219322216677254
actuation_start,0
ptype,1
