Parameter,Value
start_x,0.28368178737489347
start_y,0.508830248752193
depth,2
branch_length,0.24710588797307514
angle,2.976979303647314
thickness,0.00723318773855503
stiffness,440.45321969124086
damping,0.04416000739167306
num_sub_branches,4
sub_branch_angle,1.527467739287955
sub_branch_length_ratio,0.5021931176057588
actuation_start,0
ptype,1
