Parameter,Value
start_x,0.17867316295898938
start_y,0.05914961078450648
depth,1
branch_length,0.0883670355747028
angle,3.095129621130027
thickness,0.008122755103901848
stiffness,481.05673144634795
damping,0.03312386407677897
num_sub_branches,3
sub_branch_angle,1.149980110327679
sub_branch_length_ratio,0.5306091021990502
actuation_start,0
ptype,1
