Parameter,Value
start_x,0.24447431004032183
start_y,0.5290272082558432
depth,3
branch_length,0.2882824127601239
angle,0.4295016005453829
thickness,0.008827509914796257
stiffness,557.9885414875289
damping,0.03413349928895984
num_sub_branches,5
sub_branch_angle,1.4292980361692542
sub_branch_length_ratio,0.5105757109544753
actuation_start,0
ptype,1
