Parameter,Value
start_x,0.12881257158115916
start_y,0.5643083257841779
depth,2
branch_length,0.09119105121160376
angle,1.8220012169895994
thickness,0.008142207881052797
stiffness,545.8174015243487
damping,0.05068546141889524
num_sub_branches,2
sub_branch_angle,1.2443331967214137
sub_branch_length_ratio,0.5153351260739604
actuation_start,0
ptype,1
