Parameter,Value
start_x,0.13671732875013515
start_y,0.45485012282619847
depth,2
branch_length,0.08774123607909472
angle,3.2924593330929586
thickness,0.00675239658341877
stiffness,507.518468810444
damping,0.05713185905489273
num_sub_branches,2
sub_branch_angle,1.1846029016304567
sub_branch_length_ratio,0.5217992896865581
actuation_start,0
ptype,1
