Parameter,Value
start_x,0.15228868488795605
start_y,0.5559257885835247
depth,3
branch_length,0.08078860437421533
angle,3.7419386007016384
thickness,0.00914533422630388
stiffness,508.01039374557183
damping,0.05472648953730689
num_sub_branches,2
sub_branch_angle,1.07715358043554
sub_branch_length_ratio,0.5625463803724847
actuation_start,1
ptype,1
