Parameter,Value
start_x,0.13858912154124986
start_y,0.4265423100913632
depth,2
branch_length,0.07516125758828325
angle,3.693545764787258
thickness,0.009740719736714816
stiffness,402.39336724093835
damping,0.05894260727002586
num_sub_branches,5
sub_branch_angle,1.4284149071357295
sub_branch_length_ratio,0.5596884148733736
actuation_start,0
ptype,1
