Parameter,Value
start_x,0.11594460008042662
start_y,0.5688117379887135
depth,2
branch_length,0.09954609272098836
angle,4.256476610095655
thickness,0.008182575522940671
stiffness,459.63497614515524
damping,-0.0062136021381059316
num_sub_branches,2
sub_branch_angle,1.0260431609181404
sub_branch_length_ratio,0.585250162771985
actuation_start,0
ptype,1
