Parameter,Value
start_x,0.12216469453324874
start_y,0.5364285604269858
depth,2
branch_length,0.08974363163262045
angle,2.565194704340259
thickness,0.008182575522940671
stiffness,459.647005122043
damping,0.042429909886049916
num_sub_branches,2
sub_branch_angle,0.9738510031422816
sub_branch_length_ratio,0.5632803741066186
actuation_start,0
ptype,1
