Parameter,Value
start_x,0.18929291886179964
start_y,0.5372117750405005
depth,2
branch_length,0.15569059464034016
angle,2.0734688455939585
thickness,0.012822147789409818
stiffness,570.1678322074581
damping,0.05129555065431347
num_sub_branches,7
sub_branch_angle,1.282447039874292
sub_branch_length_ratio,0.5426031355796395
actuation_start,0
ptype,1
