Parameter,Value
start_x,0.14170979412151113
start_y,0.5131687974298159
depth,2
branch_length,0.1392327430933101
angle,0.6562558856960707
thickness,0.013446404441965959
stiffness,589.1864075577788
damping,0.0441757582727641
num_sub_branches,7
sub_branch_angle,1.1520807659746488
sub_branch_length_ratio,0.5418694247848851
actuation_start,0
ptype,1
