Parameter,Value
start_x,0.1147477305957879
start_y,0.49322012660128184
depth,2
branch_length,0.16980679232934842
angle,4.174865087569641
thickness,0.00905347923385192
stiffness,572.8091655945418
damping,0.06545504832923366
num_sub_branches,6
sub_branch_angle,0.9062054381608184
sub_branch_length_ratio,0.5148191100401956
actuation_start,0
ptype,1
