Parameter,Value
start_x,0.19875647154700365
start_y,0.5935016168801199
depth,2
branch_length,0.08001624443592438
angle,3.757014894029622
thickness,0.006847198066735503
stiffness,510.3589644769929
damping,0.05472648953730689
num_sub_branches,3
sub_branch_angle,1.5698710111926595
sub_branch_length_ratio,0.6617000303975927
actuation_start,-1
ptype,1
