Parameter,Value
start_x,0.19931863809784517
start_y,0.03840876197909315
depth,2
branch_length,0.07080402600365754
angle,3.1929809255762023
thickness,0.005219219454109136
stiffness,464.6898461116957
damping,0.05016761037862105
num_sub_branches,2
sub_branch_angle,1.416883748537258
sub_branch_length_ratio,0.5651292187166462
actuation_start,0
ptype,1
