Parameter,Value
start_x,0.10390777567463463
start_y,0.522548217270905
depth,1
branch_length,0.05167454844160886
angle,2.5759190203426057
thickness,0.006056141060402191
stiffness,441.8350914344294
damping,0.05450685605347673
num_sub_branches,2
sub_branch_angle,1.2039758363818742
sub_branch_length_ratio,0.6605952236623949
actuation_start,0
ptype,1
