Parameter,Value
start_x,0.1011800076041951
start_y,0.06492613613724937
depth,2
branch_length,0.05532360960485991
angle,0.5179611099730241
thickness,0.00475631718827505
stiffness,531.2575326323449
damping,0.037517755436454615
num_sub_branches,5
sub_branch_angle,0.7592974859182824
sub_branch_length_ratio,0.6621203125654765
actuation_start,0
ptype,1
right_bias,1.1945778554946718
