Parameter,Value
start_x,0.14183239270379575
start_y,0.08734578236567034
depth,2
branch_length,0.08681563591827837
angle,0.1782907533094341
thickness,0.005287698840367243
stiffness,514.8754381115505
damping,0.03111221816061166
num_sub_branches,5
sub_branch_angle,0.7583536330742081
sub_branch_length_ratio,0.5381197994620182
actuation_start,0
ptype,1
right_bias,1.0
