Parameter,Value
start_x,0.2247207648991314
start_y,0.6856737291834065
depth,2
branch_length,0.08001624443592438
angle,1.9477579130696374
thickness,0.005775513831781423
stiffness,507.79141934589234
damping,0.05926153923398452
num_sub_branches,3
sub_branch_angle,1.169717914127633
sub_branch_length_ratio,0.5625463803724847
actuation_start,0
ptype,1
