Parameter,Value
start_x,0.20314576137142232
start_y,0.4259633460920855
depth,1
branch_length,0.07389934120839714
angle,4.1267596163410944
thickness,0.006429396194720464
stiffness,522.1539038558636
damping,0.05018902509713008
num_sub_branches,2
sub_branch_angle,1.5568096369023217
sub_branch_length_ratio,0.6457473148020137
actuation_start,0
ptype,1
