Parameter,Value
start_x,0.16983029695801596
start_y,0.44466770583850157
depth,2
branch_length,0.08974363163262045
angle,0.7909866883271353
thickness,0.008182575522940671
stiffness,593.5641913685051
damping,0.06503956109104636
num_sub_branches,2
sub_branch_angle,1.2818599879174022
sub_branch_length_ratio,0.5243971253792614
actuation_start,1
ptype,1
