Parameter,Value
start_x,0.2825910434990473
start_y,0.5445679147046951
depth,2
branch_length,0.17973847709102098
angle,0.3385174422348179
thickness,0.006941577312896684
stiffness,519.1500948182614
damping,0.05009127643410307
num_sub_branches,3
sub_branch_angle,0.8928972730520814
sub_branch_length_ratio,0.5240782456628332
actuation_start,0
ptype,1
