Parameter,Value
start_x,0.229413286791208
start_y,0.5660763890905821
depth,2
branch_length,0.09822432507821782
angle,5.138440544782794
thickness,0.005696017025232897
stiffness,475.7734279624331
damping,0.02161139092556985
num_sub_branches,2
sub_branch_angle,0.8335183813530206
sub_branch_length_ratio,0.6769181751286968
actuation_start,0
ptype,1
