Parameter,Value
start_x,0.18702716131263197
start_y,0.47437112054683417
depth,5
branch_length,0.11705896635590186
angle,4.842183133203347
thickness,0.0056577052211142205
stiffness,549.7810195336245
damping,0.034132146788063956
num_sub_branches,3
sub_branch_angle,1.0884442810250148
sub_branch_length_ratio,0.6235931000522282
actuation_start,0
ptype,1
