Parameter,Value
start_x,0.16190666378215926
start_y,0.06751903509296675
depth,2
branch_length,0.07478325334688181
angle,0.43766916569971026
thickness,0.005635105913493517
stiffness,497.1085416683758
damping,0.04775842642746238
num_sub_branches,3
sub_branch_angle,0.6972739479015589
sub_branch_length_ratio,0.5590096273415367
actuation_start,0
ptype,1
right_bias,1.2532384924733324
