Parameter,Value
origin_x,0.1
origin_y,0.009964393197956804
y_offset,0.03
num_nodes,35
min_distance,0.02061669341232782
max_distance,0.1
stiffness,663.9151434606275
damping,0.049784778452201466
rightward_bias,0.8895593978183163
actuator_probability,0.3429480306473539
max_actuators,6
extra_connection_probability,0.3058610002365196
max_connection_distance,0.1035474244129548
num_extra_connections,8
particle_spacing,0.012271021179352814
