Parameter,Value
origin_x,0.1
origin_y,0.010290221907313102
y_offset,0.03
num_nodes,42
min_distance,0.02055124658467756
max_distance,0.1
stiffness,533.1723844215159
damping,0.04228404233223579
rightward_bias,0.6112944868580915
actuator_probability,0.6939948268974709
max_actuators,4
extra_connection_probability,0.1928507654115381
max_connection_distance,0.16016596346248704
num_extra_connections,8
particle_spacing,0.02329290616970904
