Parameter,Value
origin_x,0.1
origin_y,0.00985271974756985
y_offset,0.029824090383896315
num_nodes,34
min_distance,0.02
max_distance,0.1
stiffness,545.7795311461309
damping,0.03995020227241368
rightward_bias,0.6535990037357909
actuator_probability,0.6409292892905201
max_actuators,4
extra_connection_probability,0.343825588610316
max_connection_distance,0.15578391716226028
num_extra_connections,8
particle_spacing,0.012270696002019403
