Parameter,Value
start_x,0.22013194743664438
start_y,0.5761202415074236
depth,2
branch_length,0.06837028841596637
angle,2.0569755880520377
thickness,0.007405220914114734
stiffness,405.34197852734945
damping,0.06746754210457465
num_sub_branches,3
sub_branch_angle,0.9857220496005009
sub_branch_length_ratio,0.6271483964224954
actuation_start,0
ptype,1
