Parameter,Value
start_x,0.1657377905128462
start_y,0.09574864750179296
depth,2
branch_length,0.06763770814198304
angle,-0.17586131935750998
thickness,0.0056402358797943575
stiffness,456.4936380130259
damping,0.03675905979597341
num_sub_branches,5
sub_branch_angle,1.041760987219539
sub_branch_length_ratio,0.5026890436586587
actuation_start,0
ptype,1
right_bias,1.285630445709768
