Parameter,Value
start_x,0.1011800076041951
start_y,0.061488312039595844
depth,2
branch_length,0.05532360960485991
angle,-0.17369085181995897
thickness,0.005048691564995026
stiffness,531.2575326323449
damping,0.035052035159985236
num_sub_branches,5
sub_branch_angle,0.646924827510601
sub_branch_length_ratio,0.6827095913313221
actuation_start,0
ptype,1
right_bias,1.0
