Parameter,Value
start_x,0.185872903285422
start_y,0.05774479700648367
depth,3
branch_length,0.05907536908677902
angle,-0.05842023982377814
thickness,0.0075584167700409755
stiffness,504.49803730001804
damping,0.046636036265814175
num_sub_branches,3
sub_branch_angle,0.5502457097710651
sub_branch_length_ratio,0.6528706512927714
actuation_start,0
ptype,1
right_bias,1.0
