Parameter,Value
start_x,0.11864141342355114
start_y,0.05155450553093374
depth,2
branch_length,0.08050025878310395
angle,0.06454623625457867
thickness,0.006047198535315297
stiffness,539.3997605926237
damping,0.05488583842585312
num_sub_branches,3
sub_branch_angle,0.7572687883297988
sub_branch_length_ratio,0.5366520595556524
actuation_start,0
ptype,1
right_bias,1.1189632880341018
