Parameter,Value
start_x,0.16983029695801596
start_y,0.44466770583850157
depth,2
branch_length,0.07488230492069407
angle,0.7909866883271353
thickness,0.006159921336030275
stiffness,593.5641913685051
damping,0.1313647708002453
num_sub_branches,3
sub_branch_angle,1.2818599879174022
sub_branch_length_ratio,0.5243971253792614
actuation_start,0
ptype,1
