Parameter,Value
start_x,0.12028864766192703
start_y,0.5543098011573512
depth,3
branch_length,0.08685892748315857
angle,1.875954831204197
thickness,0.0054795000670619055
stiffness,478.67407373947105
damping,0.036238559942416856
num_sub_branches,2
sub_branch_angle,0.8913756676998904
sub_branch_length_ratio,0.608656943550988
actuation_start,0
ptype,1
