Parameter,Value
start_x,0.1922276613028086
start_y,0.5935016168801199
depth,2
branch_length,0.07288527648175888
angle,2.379425829418922
thickness,0.006847198066735503
stiffness,510.3589644769929
damping,0.04501585033250593
num_sub_branches,1
sub_branch_angle,1.245860293553123
sub_branch_length_ratio,0.6617000303975927
actuation_start,0
ptype,1
