Iteration,Loss
0,-0.12608790397644043
1,-0.12647771835327148
2,-0.12737171351909637
3,-0.1261395663022995
4,-0.126949280500412
5,-0.12764057517051697
6,-0.1269078552722931
7,-0.12794442474842072
8,-0.12848417460918427
9,-0.1279473602771759
