Parameter,Value
start_x,0.18914744311104642
start_y,0.4328794127233728
depth,2
branch_length,0.24001945244892908
angle,5.545665427483755
thickness,0.005111282139433472
stiffness,442.22649818460536
damping,0.053915048665167394
num_sub_branches,3
sub_branch_angle,1.2972571486607556
sub_branch_length_ratio,0.6425846884895002
actuation_start,0
ptype,1
