Parameter,Value
start_x,0.2774048129800124
start_y,0.41267048175145166
depth,3
branch_length,0.12174090146556547
angle,5.381298837583655
thickness,0.005012759673864893
stiffness,510.9700609323519
damping,0.04542671625618126
num_sub_branches,5
sub_branch_angle,1.527467739287955
sub_branch_length_ratio,0.5690300843528999
actuation_start,0
ptype,1
