Parameter,Value
start_x,0.18946265774137416
start_y,0.449415494856943
depth,1
branch_length,0.05910646114998214
angle,4.103432572378927
thickness,0.008690446761350572
stiffness,522.1539038558636
damping,0.036238559942416856
num_sub_branches,2
sub_branch_angle,0.885472356729685
sub_branch_length_ratio,0.5568970219037487
actuation_start,0
ptype,1
