Parameter,Value
start_x,0.25722788795387663
start_y,0.5737265619725856
depth,1
branch_length,0.08099628540927295
angle,4.708773981054978
thickness,0.009025080600365925
stiffness,467.54629615942264
damping,0.047402896295920205
num_sub_branches,2
sub_branch_angle,0.8463428387552981
sub_branch_length_ratio,0.5668664305110694
actuation_start,0
ptype,1
