Parameter,Value
start_x,0.12495406123281948
start_y,0.5761202415074236
depth,2
branch_length,0.09801294294088435
angle,2.0569755880520377
thickness,0.007405220914114734
stiffness,435.1261103392151
damping,0.07644960441829782
num_sub_branches,3
sub_branch_angle,0.9430889861040614
sub_branch_length_ratio,0.6795332071381537
actuation_start,0
ptype,1
