Parameter,Value
start_x,0.1280430078591309
start_y,0.45721915231237503
depth,2
branch_length,0.034329168259279945
angle,3.3888420583434806
thickness,0.0064567201939120964
stiffness,422.4441819355384
damping,0.04034320378071963
num_sub_branches,4
sub_branch_angle,1.5244268362242361
sub_branch_length_ratio,0.6526998821269335
actuation_start,0
ptype,1
