Parameter,Value
start_x,0.16683484926799674
start_y,0.03275176882501743
depth,1
branch_length,0.09020634664185066
angle,4.779334248308335
thickness,0.007331433172425381
stiffness,510.1460733144618
damping,0.04620132053976057
num_sub_branches,2
sub_branch_angle,1.432940571443666
sub_branch_length_ratio,0.5283684802923998
actuation_start,0
ptype,1
