Parameter,Value
start_x,0.17836290594875298
start_y,0.5228547567287124
depth,2
branch_length,0.08078860437421533
angle,0.9302902549327599
thickness,0.006847198066735503
stiffness,507.79141934589234
damping,0.041087989924076494
num_sub_branches,2
sub_branch_angle,1.169717914127633
sub_branch_length_ratio,0.6617000303975927
actuation_start,-1
ptype,1
