Parameter,Value
start_x,0.1015500834131901
start_y,0.5685082910481821
depth,1
branch_length,0.08685892748315857
angle,2.0201268544460005
thickness,0.008690446761350572
stiffness,465.1843331413967
damping,0.04140569994986219
num_sub_branches,2
sub_branch_angle,0.7899018753934901
sub_branch_length_ratio,0.5697973031719291
actuation_start,0
ptype,1
