Parameter,Value
start_x,0.1494029416434624
start_y,0.061488312039595844
depth,2
branch_length,0.05532360960485991
angle,-0.17369085181995897
thickness,0.004060900292890381
stiffness,537.2057708363901
damping,0.0394793165932376
num_sub_branches,5
sub_branch_angle,0.646924827510601
sub_branch_length_ratio,0.6827095913313221
actuation_start,0
ptype,1
right_bias,1.1945778554946718
