Parameter,Value
start_x,0.12495406123281948
start_y,0.43434686743948164
depth,2
branch_length,0.07592510135476854
angle,6.001304473056067
thickness,0.006595613787977835
stiffness,435.05618176007346
damping,0.07644960441829782
num_sub_branches,3
sub_branch_angle,0.9857220496005009
sub_branch_length_ratio,0.5252070133928055
actuation_start,1
ptype,1
