Parameter,Value
start_x,0.16729280757195064
start_y,0.5935016168801199
depth,1
branch_length,0.08078860437421533
angle,1.2190945515745888
thickness,0.00914533422630388
stiffness,510.3589644769929
damping,0.041087989924076494
num_sub_branches,2
sub_branch_angle,1.5698710111926595
sub_branch_length_ratio,0.6617000303975927
actuation_start,0
ptype,1
