Parameter,Value
start_x,0.1514085109437838
start_y,0.07935394890195374
depth,3
branch_length,0.08843844299327919
angle,0.36766833507295565
thickness,0.006598116062205716
stiffness,496.48090850563415
damping,0.0356495726729507
num_sub_branches,4
sub_branch_angle,0.6679281684243115
sub_branch_length_ratio,0.5348083843666664
actuation_start,0
ptype,1
right_bias,1.0
