Parameter,Value
start_x,0.25127570577114855
start_y,0.449415494856943
depth,1
branch_length,0.05571087507542702
angle,1.875954831204197
thickness,0.0054795000670619055
stiffness,465.1843331413967
damping,0.05018902509713008
num_sub_branches,2
sub_branch_angle,0.8913756676998904
sub_branch_length_ratio,0.5697973031719291
actuation_start,-1
ptype,1
