Parameter,Value
start_x,0.16867657361074717
start_y,0.27246034381807926
depth,4
branch_length,0.10609672897624178
angle,4.073441244927206
thickness,0.005107283740036485
stiffness,430.0493926997144
damping,0.06421535871818859
num_sub_branches,5
sub_branch_angle,0.6257945193186358
sub_branch_length_ratio,0.5290857234804588
actuation_start,0
ptype,1
