Parameter,Value
start_x,0.09214123528313777
start_y,0.31846171588396643
depth,4
branch_length,0.10549383936570328
angle,5.562260138269338
thickness,0.019793516302850922
stiffness,465.59599199748095
damping,0.05455704649111362
num_sub_branches,7
sub_branch_angle,0.7004412939011374
sub_branch_length_ratio,0.5484628251265085
actuation_start,0
ptype,1
