Parameter,Value
start_x,0.09709725656893718
start_y,0.2819003509458778
depth,3
branch_length,0.09419889714989163
angle,5.192203481639994
thickness,0.013761842069685275
stiffness,435.6704037023102
damping,0.04739084817634917
num_sub_branches,5
sub_branch_angle,1.269238203667598
sub_branch_length_ratio,0.5926326278917394
actuation_start,0
ptype,1
