Parameter,Value
start_x,0.10158660515990654
start_y,0.09362977094964127
depth,2
branch_length,0.0625250488773681
angle,-0.3258688582582516
thickness,0.003043223013309422
stiffness,487.2952944541885
damping,0.04940694784682738
num_sub_branches,4
sub_branch_angle,1.026670227456942
sub_branch_length_ratio,0.5106341380720285
actuation_start,0
ptype,1
right_bias,1.0
