Parameter,Value
start_x,0.25127570577114855
start_y,0.6342315859559469
depth,1
branch_length,0.07389934120839714
angle,5.396645050351913
thickness,0.008690446761350572
stiffness,478.67407373947105
damping,0.036238559942416856
num_sub_branches,3
sub_branch_angle,1.498886054841303
sub_branch_length_ratio,0.608656943550988
actuation_start,0
ptype,1
