Parameter,Value
start_x,0.22013194743664438
start_y,0.5761202415074236
depth,2
branch_length,0.09801294294088435
angle,1.964484871523575
thickness,0.007405220914114734
stiffness,405.28135805629216
damping,0.07644960441829782
num_sub_branches,3
sub_branch_angle,0.9857220496005009
sub_branch_length_ratio,0.6795332071381537
actuation_start,0
ptype,1
