Parameter,Value
start_x,0.1091132482971593
start_y,0.43434686743948164
depth,1
branch_length,0.08961158763585067
angle,3.8550490627222107
thickness,0.007536110162415197
stiffness,405.28135805629216
damping,0.046183578546560335
num_sub_branches,3
sub_branch_angle,0.9430889861040614
sub_branch_length_ratio,0.5252070133928055
actuation_start,0
ptype,1
