Parameter,Value
start_x,0.13906553834916136
start_y,0.4457004825407227
depth,1
branch_length,0.08330474147928744
angle,1.871792105830733
thickness,0.005022046273036629
stiffness,582.4417907452353
damping,0.037256226738290536
num_sub_branches,2
sub_branch_angle,1.2697987903387276
sub_branch_length_ratio,0.5943992074412817
actuation_start,0
ptype,1
