Iteration,Loss
0,-0.16362877190113068
1,-0.1650499403476715
2,-0.16527459025382996
3,-0.16546976566314697
4,-0.16572058200836182
5,-0.16580943763256073
6,-0.16574077308177948
7,-0.1658564954996109
8,-0.16599850356578827
9,-0.16620934009552002
