Parameter,Value
start_x,0.15228868488795605
start_y,0.5559257885835247
depth,2
branch_length,0.08078860437421533
angle,3.757014894029622
thickness,0.00914533422630388
stiffness,510.3589644769929
damping,0.041087989924076494
num_sub_branches,3
sub_branch_angle,1.5698710111926595
sub_branch_length_ratio,0.6617000303975927
actuation_start,0
ptype,1
