Parameter,Value
start_x,0.1133912108393908
start_y,0.4051537890198668
depth,2
branch_length,0.051343681783738465
angle,2.209545663883675
thickness,0.0073979764962091455
stiffness,595.8174610771739
damping,0.032214559620475744
num_sub_branches,2
sub_branch_angle,1.229161769261861
sub_branch_length_ratio,0.5826703725589709
actuation_start,0
ptype,1
