Parameter,Value
start_x,0.19875647154700365
start_y,0.5228547567287124
depth,3
branch_length,0.09084154120593409
angle,3.6957509529732566
thickness,0.005775513831781423
stiffness,508.01039374557183
damping,0.05472648953730689
num_sub_branches,3
sub_branch_angle,1.169717914127633
sub_branch_length_ratio,0.5625463803724847
actuation_start,1
ptype,1
