Parameter,Value
start_x,0.11594460008042662
start_y,0.5688117379887135
depth,2
branch_length,0.07506894084669312
angle,4.256476610095655
thickness,0.008182575522940671
stiffness,434.89188924826453
damping,0.030206951651005672
num_sub_branches,2
sub_branch_angle,1.3696818038036827
sub_branch_length_ratio,0.5176115901928865
actuation_start,0
ptype,1
