Parameter,Value
start_x,0.28512041654404174
start_y,0.5558585519559234
depth,5
branch_length,0.13124966764595652
angle,0.17255575560844993
thickness,0.008740956946557283
stiffness,410.4255198777201
damping,0.06255147914854474
num_sub_branches,5
sub_branch_angle,1.0873671156683151
sub_branch_length_ratio,0.5858079704337663
actuation_start,0
ptype,1
