Parameter,Value
start_x,0.10135250930637663
start_y,0.5643083257841779
depth,2
branch_length,0.01299311118949699
angle,1.7828878043096759
thickness,0.09940203042395246
stiffness,545.8174015243487
damping,0.05068546141889524
num_sub_branches,2
sub_branch_angle,1.2443331967214137
sub_branch_length_ratio,0.5153351260739604
actuation_start,0
ptype,1
