Parameter,Value
start_x,0.1922276613028086
start_y,0.5074035908679972
depth,2
branch_length,0.07288527648175888
angle,2.379425829418922
thickness,0.007470101880861418
stiffness,585.4335603219204
damping,0.04501585033250593
num_sub_branches,2
sub_branch_angle,1.245860293553123
sub_branch_length_ratio,0.560331090686914
actuation_start,0
ptype,1
