Parameter,Value
start_x,0.11778033989512618
start_y,0.5257964192337242
depth,1
branch_length,0.06009986965915198
angle,3.793573900400938
thickness,0.0052618187221894885
stiffness,599.7620601529518
damping,0.033335647591512904
num_sub_branches,2
sub_branch_angle,1.3437110917542638
sub_branch_length_ratio,0.645934058549616
actuation_start,0
ptype,1
