Iteration,Loss
0,-0.09560330957174301
1,-0.09976470470428467
2,-0.0998232513666153
3,-0.09944003820419312
4,-0.09974877536296844
5,-0.0998477190732956
6,-0.09960124641656876
7,-0.09722615778446198
8,-0.09995996206998825
9,-0.09973359853029251
