Parameter,Value
start_x,0.11948596752405617
start_y,0.06492613613724937
depth,3
branch_length,0.050351061732603716
angle,-0.17369085181995897
thickness,0.004790124846954832
stiffness,531.5413319522755
damping,0.0394793165932376
num_sub_branches,4
sub_branch_angle,0.646924827510601
sub_branch_length_ratio,0.6827095913313221
actuation_start,0
ptype,1
right_bias,1.0545609197272006
