Parameter,Value
start_x,0.19204261519121407
start_y,0.05430770061554573
depth,3
branch_length,0.045314866053635834
angle,-0.21173190546509846
thickness,0.005174793050710767
stiffness,458.69394953345983
damping,0.053846510090463276
num_sub_branches,4
sub_branch_angle,0.9614270078182685
sub_branch_length_ratio,0.5580884058287938
actuation_start,0
ptype,1
right_bias,1.0
