Parameter,Value
start_x,0.07701496731315526
start_y,0.5669084616588412
depth,1
branch_length,0.08685892748315857
angle,1.9239384401124702
thickness,0.0054795000670619055
stiffness,478.67407373947105
damping,0.036238559942416856
num_sub_branches,2
sub_branch_angle,1.5605179741327873
sub_branch_length_ratio,0.608656943550988
actuation_start,0
ptype,1
