Parameter,Value
start_x,0.260995521908411
start_y,0.4679704585179116
depth,1
branch_length,0.09763640124497117
angle,3.1078970491927165
thickness,0.006320633749163127
stiffness,527.2839169368224
damping,0.06023342948551359
num_sub_branches,2
sub_branch_angle,1.085780033564994
sub_branch_length_ratio,0.6848155279149577
actuation_start,0
ptype,1
