Parameter,Value
start_x,0.18265768554876735
start_y,0.578961776366688
depth,1
branch_length,0.05564851751916389
angle,3.760047966763321
thickness,0.007163024974083682
stiffness,462.4724736395603
damping,0.03708619264525641
num_sub_branches,2
sub_branch_angle,0.9227563881737018
sub_branch_length_ratio,0.5985446677627567
actuation_start,0
ptype,1
