Parameter,Value
start_x,0.25127570577114855
start_y,0.5610087290521617
depth,1
branch_length,0.07389934120839714
angle,5.396645050351913
thickness,-0.0933317999784277
stiffness,573.0165588824491
damping,0.05691436466224865
num_sub_branches,2
sub_branch_angle,0.8913756676998904
sub_branch_length_ratio,0.6457473148020137
actuation_start,0
ptype,1
