Parameter,Value
start_x,0.17836290594875298
start_y,0.5228547567287124
depth,1
branch_length,0.08078860437421533
angle,1.9477579130696374
thickness,0.005775513831781423
stiffness,510.3589644769929
damping,0.041087989924076494
num_sub_branches,2
sub_branch_angle,1.07715358043554
sub_branch_length_ratio,0.5625463803724847
actuation_start,0
ptype,1
