Parameter,Value
start_x,0.24401739425623237
start_y,0.5660763890905821
depth,2
branch_length,0.051043722080290684
angle,3.9855917361215085
thickness,0.005696017025232897
stiffness,458.28983470171556
damping,0.05223167250551425
num_sub_branches,2
sub_branch_angle,1.1555807343927937
sub_branch_length_ratio,0.5125610968912404
actuation_start,0
ptype,1
