Parameter,Value
start_x,0.2016042923614247
start_y,0.4457528820831622
depth,1
branch_length,0.0850316770599821
angle,1.7962936859417524
thickness,0.007124012016190485
stiffness,560.8495485445109
damping,0.035288967325551514
num_sub_branches,3
sub_branch_angle,1.5172329646997684
sub_branch_length_ratio,0.6702952216776766
actuation_start,0
ptype,1
