Parameter,Value
start_x,0.1698232919711894
start_y,0.06282162928270252
depth,3
branch_length,0.07445629751077787
angle,-0.11195381768631685
thickness,0.004595291178215157
stiffness,486.9715252531586
damping,0.0344580775435965
num_sub_branches,4
sub_branch_angle,0.6220314223440491
sub_branch_length_ratio,0.5644194702061461
actuation_start,0
ptype,1
right_bias,1.0
